contribution_candidate,prior_work,exact_overlap,what_epv_might_add,novelty_confidence,evidence,risk
"Automated mechanism synthesis","Conitzer & Sandholm 2002; Mittelmann et al. 2025","Design/synthesis under incentive and social constraints","Auditable DSL and proof-bound packaging only","established","https://doi.org/10.1016/j.artint.2024.104272","Very high overlap"
"Formal mechanism semantics","mech.v; ForMaRE","Typed definitions of deterministic mechanisms, auctions, preferences and properties","User-oriented canonical interchange and provenance","engineering novelty","https://github.com/jouvelot/mech.v","Thin-wrapper risk"
"Formal VCG truthfulness","Barthe et al. 2015","Machine-checked incentive compatibility for VCG","Automated bounded checking and artifact workflow","established","https://arxiv.org/abs/1502.04052","Cannot claim theorem novelty"
"SAT/SMT social-choice verification","Tang & Lin; Brandl et al.; COMSOC","Axiom encodings, countermodels, impossibility proofs, MUS extraction","Uniform economic witness schema and replay","partially established","https://arxiv.org/abs/1604.05692","High overlap"
"Verification and synthesis in one formalism","Mittelmann et al. 2025","Strategy Logic modeling, checking and synthesis","Human-facing DSL, exact provenance, backend differentiation","established","https://doi.org/10.1016/j.artint.2024.104272","Closest competitor"
"Independent SMT proof checking","cvc5 Alethe and Carcara","External proof artifacts and checker","Formula/mechanism binding and economic assurance policy","integration novelty","https://cvc5.github.io/docs/cvc5-1.1.2/proofs/output_alethe.html","Theory coverage partial"
"Minimal interpretable counterexamples","SAT/SMT models and MUS literature","Models and small unsat cores","Economic-domain minimization and independent replay","research novelty plausible","https://github.com/comsoc-amsterdam/comsoc","Must show measurable interpretability benefit"
"Cross-domain common IR","mech.v and Strategy Logic","General mechanism abstractions","Practical shared IR across auctions/matching/fair division","unknown","https://www.cri.minesparis.psl.eu/classement/doc/E-458.pdf","Heterogeneity may defeat abstraction"
"Proof-carrying economic bundle","Proof-carrying code; formal auction artifacts","Portable evidence concept and checked formalizations","Standard manifest tying mechanism/property/formula/proof hashes","integration novelty","https://doi.org/10.1145/3573105.3575684","May be packaging rather than research"

